DATA_NAME,DATA_COLLECTED
DENGUE_CASE_DATA,No
MALARIA_CASE_DATA,No
CHIKUNGUNYA_CASE_DATA,No
WARD_BOUNDARY_SHAPEFILE,Yes
POPULATION_DATA,Yes
RAINFALL_DATA,Yes
TEMPERATURE_DATA,Yes
HUMIDITY_DATA,Yes
LAND_SURFACE_TEMPERATURE (LST),Yes
NDVI,Yes
NDWI,Yes
LAND_USE_LAND_COVER (LULC),Yes
ELEVATION_DEM,Yes
DRAINAGE_NETWORK,Yes
WATER_BODIES,Yes
HEALTH_FACILITY_LOCATIONS,Yes
PRIMARY_HEALTH_CENTRES (PHC),No
ROAD_NETWORK,No
WASTE_DUMPING_SITES,No
FLOOD_PRONE_AREAS,Yes
SOCIOECONOMIC_DATA (INCOME),Yes
MOSQUITO_BREEDING_SITE_SURVEY_DATA,No
GOOGLE MOBILITY DATA (OPTIONAL),No
SLOPE,Yes
ASPECT,Yes
TWI,Yes
SPI,Yes
PM2.5,Yes
PM10,Yes
NDBI,Yes
